<?xml version="1.0" encoding="UTF-8"?>

<mule xmlns:vm="http://www.mulesoft.org/schema/mule/vm" xmlns:tracking="http://www.mulesoft.org/schema/mule/ee/tracking" xmlns:http="http://www.mulesoft.org/schema/mule/http" xmlns="http://www.mulesoft.org/schema/mule/core" xmlns:doc="http://www.mulesoft.org/schema/mule/documentation"
	xmlns:spring="http://www.springframework.org/schema/beans" 
	xmlns:xsi="http://www.w3.org/2001/XMLSchema-instance"
	xsi:schemaLocation="http://www.springframework.org/schema/beans http://www.springframework.org/schema/beans/spring-beans-current.xsd
http://www.mulesoft.org/schema/mule/core http://www.mulesoft.org/schema/mule/core/current/mule.xsd
http://www.mulesoft.org/schema/mule/http http://www.mulesoft.org/schema/mule/http/current/mule-http.xsd
http://www.mulesoft.org/schema/mule/ee/tracking http://www.mulesoft.org/schema/mule/ee/tracking/current/mule-tracking-ee.xsd
http://www.mulesoft.org/schema/mule/vm http://www.mulesoft.org/schema/mule/vm/current/mule-vm.xsd">


    <http:listener-config name="HTTP_Listener_Configuration" host="0.0.0.0" port="8081" doc:name="HTTP Listener Configuration"/>


    <flow name="apdev-examplesFlow">
        <http:listener config-ref="HTTP_Listener_Configuration" path="/hello" allowedMethods="GET" doc:name="HTTP"/>
        <flow-ref name="subflow-1" doc:name="Call subflow-1"/>
        <flow-ref name="subflow-2" doc:name="Call subflow-2"/>
        <vm:outbound-endpoint exchange-pattern="one-way" path="colonial" doc:name="VM: colonial"/>
        <logger level="INFO" doc:name="Logger" message="#['Payload: ' + payload + '; Name: ' + flowVars.qpname + '; Type: ' + sessionVars.qptype + '; Color: ' + message.outboundProperties.qpcolor]"/>
    </flow>
    <flow name="flow-2">
        <vm:inbound-endpoint exchange-pattern="one-way" path="colonial" doc:name="VM: colonial"/>
        <set-payload value="#['good bye'.toUpperCase()]" doc:name="Set Payload"/>
        <logger message="#[payload]" level="INFO" doc:name="Logger"/>
    </flow>
    <sub-flow name="subflow-1">
        <set-payload value="#['hello world'.toUpperCase()]" doc:name="Set Payload"/>
        <set-variable variableName="qpname" value="#[message.inboundProperties.'http.query.params'.name]" doc:name="Variable"/>
    </sub-flow>
    <sub-flow name="subflow-2">
        <set-session-variable variableName="qptype" value="#[message.inboundProperties.'http.query.params'.type]" doc:name="Session Variable"/>
        <set-property propertyName="qpcolor" value="#[message.inboundProperties.'http.query.params'.color]" doc:name="Property"/>
    </sub-flow>



</mule>
