<?xml version="1.0" encoding="UTF-8"?>

<mule xmlns:db="http://www.mulesoft.org/schema/mule/db" xmlns:json="http://www.mulesoft.org/schema/mule/json" xmlns:http="http://www.mulesoft.org/schema/mule/http" xmlns:tracking="http://www.mulesoft.org/schema/mule/ee/tracking" xmlns="http://www.mulesoft.org/schema/mule/core" xmlns:doc="http://www.mulesoft.org/schema/mule/documentation"
	xmlns:spring="http://www.springframework.org/schema/beans" 
	xmlns:xsi="http://www.w3.org/2001/XMLSchema-instance"
	xsi:schemaLocation="http://www.springframework.org/schema/beans http://www.springframework.org/schema/beans/spring-beans-current.xsd
http://www.mulesoft.org/schema/mule/core http://www.mulesoft.org/schema/mule/core/current/mule.xsd
http://www.mulesoft.org/schema/mule/db http://www.mulesoft.org/schema/mule/db/current/mule-db.xsd
http://www.mulesoft.org/schema/mule/http http://www.mulesoft.org/schema/mule/http/current/mule-http.xsd
http://www.mulesoft.org/schema/mule/ee/tracking http://www.mulesoft.org/schema/mule/ee/tracking/current/mule-tracking-ee.xsd
http://www.mulesoft.org/schema/mule/json http://www.mulesoft.org/schema/mule/json/current/mule-json.xsd">


    <flow name="getAmericanFlightsFlow">
        <http:listener config-ref="HTTP_Listener_Configuration" path="/american" allowedMethods="GET" doc:name="HTTP"/>
        <set-variable variableName="cityCode" value="#[message.inboundProperties.'http.query.params'.code]" doc:name="Variable: cityCode"/>
        <db:select config-ref="American_MySQL_Connector" doc:name="Database: Invoke American DB Service">
            <db:parameterized-query><![CDATA[SELECT * FROM american 
	WHERE toAirport = #[flowVars.cityCode]
	OR (#[flowVars.cityCode] IS NULL)]]></db:parameterized-query>
        </db:select>
        <json:object-to-json-transformer doc:name="Object to JSON"/>
        <logger message="#[payload]" level="INFO" doc:name="Logger"/>
    </flow>

    <flow name="getAmericanFlightByIdFlow">
        <http:listener config-ref="HTTP_Listener_Configuration" path="/american/{ID}" allowedMethods="GET" doc:name="HTTP"/>
        <db:select config-ref="American_MySQL_Connector" doc:name="Database: Invoke American DB Service">
            <db:parameterized-query><![CDATA[SELECT * FROM american WHERE ID = #[message.inboundProperties.'http.uri.params'.ID]]]></db:parameterized-query>
        </db:select>
        <json:object-to-json-transformer doc:name="Object to JSON"/>
        <logger message="#[payload]" level="INFO" doc:name="Logger"/>
    </flow>

</mule>
