<?xml version="1.0" encoding="UTF-8"?>

<mule xmlns:dw="http://www.mulesoft.org/schema/mule/ee/dw" xmlns:ws="http://www.mulesoft.org/schema/mule/ws" xmlns:metadata="http://www.mulesoft.org/schema/mule/metadata" xmlns:db="http://www.mulesoft.org/schema/mule/db" xmlns:json="http://www.mulesoft.org/schema/mule/json" xmlns:http="http://www.mulesoft.org/schema/mule/http" xmlns:tracking="http://www.mulesoft.org/schema/mule/ee/tracking" xmlns="http://www.mulesoft.org/schema/mule/core" xmlns:doc="http://www.mulesoft.org/schema/mule/documentation"
	xmlns:spring="http://www.springframework.org/schema/beans" 
	xmlns:xsi="http://www.w3.org/2001/XMLSchema-instance"
	xsi:schemaLocation="http://www.springframework.org/schema/beans http://www.springframework.org/schema/beans/spring-beans-current.xsd
http://www.mulesoft.org/schema/mule/core http://www.mulesoft.org/schema/mule/core/current/mule.xsd
http://www.mulesoft.org/schema/mule/db http://www.mulesoft.org/schema/mule/db/current/mule-db.xsd
http://www.mulesoft.org/schema/mule/http http://www.mulesoft.org/schema/mule/http/current/mule-http.xsd
http://www.mulesoft.org/schema/mule/ee/tracking http://www.mulesoft.org/schema/mule/ee/tracking/current/mule-tracking-ee.xsd
http://www.mulesoft.org/schema/mule/json http://www.mulesoft.org/schema/mule/json/current/mule-json.xsd
http://www.mulesoft.org/schema/mule/ws http://www.mulesoft.org/schema/mule/ws/current/mule-ws.xsd
http://www.mulesoft.org/schema/mule/ee/dw http://www.mulesoft.org/schema/mule/ee/dw/current/dw.xsd">








    <flow name="getMainFlightsFlow">
        <http:listener config-ref="HTTP_Listener_Configuration" path="/flights" allowedMethods="GET" doc:name="HTTP"/>
        <set-variable variableName="carrier" value="#[message.inboundProperties.'http.query.params'.airline]" doc:name="Variable: carrier"/>
        <choice doc:name="Choice: Route based on &quot;carrier&quot;">
            <when expression="#[flowVars.carrier == 'united']">
                <flow-ref name="getUnitedFlightsFlow" doc:name="Call getUnitedFlightsFlow"/>
            </when>
            <when expression="#[flowVars.carrier == 'american']">
                <flow-ref name="getAmericanFlightsFlow" doc:name="Call getAmericanFlightsFlow"/>
            </when>
            <when expression="#[flowVars.carrier == 'delta']">
                <flow-ref name="getDeltaFlightsFlow" doc:name="Call getDeltaFlightsFlow"/>
            </when>
            <otherwise>
                <logger level="INFO" doc:name="Logger"/>
            </otherwise>
        </choice>
        <dw:transform-message doc:name="Java ArrayList to JSON Array">
            <dw:set-payload><![CDATA[%dw 1.0
%output application/json
---
payload]]></dw:set-payload>
        </dw:transform-message>
        <logger message="#[payload]" level="INFO" doc:name="Logger"/>
    </flow>
    <flow name="getUnitedFlightsFlow">
        <http:listener config-ref="HTTP_Listener_Configuration" path="/united" allowedMethods="GET" doc:name="HTTP"/>
        <flow-ref name="setCityCodeSubflow" doc:name="Call setCityCodeSubflow"/>
        <http:request config-ref="United_REST_Connector" path="/{destination}" method="GET" doc:name="HTTP: Invoke United REST Service">
            <http:request-builder>
                <http:uri-param paramName="destination" value="#[flowVars.cityCode]"/>
            </http:request-builder>
        </http:request>
        <dw:transform-message doc:name="JSON Array to Java ArrayList" metadata:id="b1367fde-615d-4147-b2f2-db56820edcba">
            <dw:input-payload doc:sample="united_response.json" mimeType="application/json"/>
            <dw:set-payload><![CDATA[%dw 1.0
%output application/java
---
payload.flights map ((flight , indexOfFlight) -> {
	airline: flight.airlineName,
	flightCode: flight.code,
	fromAirportCode: flight.origin,
	toAirportCode: flight.destination,
	departureDate: flight.departureDate as :date {format: 'yyyy/MM/dd'} as :string {format: 'MMM dd, yyyy'},
	emptySeats: flight.emptySeats,
	totalSeats: 120,
	price: flight.price,
	planeType: flight.planeType
})]]></dw:set-payload>
        </dw:transform-message>
        <logger message="#[payload]" level="INFO" doc:name="Logger"/>
    </flow>


    <flow name="getAmericanFlightsFlow">
        <http:listener config-ref="HTTP_Listener_Configuration" path="/american" allowedMethods="GET" doc:name="HTTP"/>
        <flow-ref name="setCityCodeSubflow" doc:name="Call setCityCodeSubflow"/>
        <db:select config-ref="American_MySQL_Connector" doc:name="Database: Invoke American DB Service">
            <db:parameterized-query><![CDATA[SELECT * FROM american 
	WHERE toAirport = #[flowVars.cityCode]
	OR (#[flowVars.cityCode] IS NULL)
	OR (#[flowVars.cityCode] = '')]]></db:parameterized-query>
        </db:select>
        <dw:transform-message doc:name="DB LinkedList to Java ArrayList" metadata:id="4ac33cd9-2d73-41a7-8132-04940cf4bcc3">
            <dw:set-payload><![CDATA[%dw 1.0
%output application/java
---
payload map ((payload01 , indexOfPayload01) -> {
	airline: payload01.airlineName,
	flightCode: payload01.code1 ++ payload01.code2,
	fromAirportCode: payload01.fromAirport,
	toAirportCode: payload01.toAirport,
	departureDate: payload01.takeOffDate as :string {format: 'MMM dd, yyyy'},
	emptySeats: payload01.seatsAvailable as :number,
	totalSeats: payload01.totalSeats as :number,
	price: payload01.price as :number,
	planeType: payload01.planeType
})]]></dw:set-payload>
        </dw:transform-message>
        <logger message="#[payload]" level="INFO" doc:name="Logger"/>
    </flow>
    <flow name="getDeltaFlightsFlow">
        <http:listener config-ref="HTTP_Listener_Configuration" path="/delta" allowedMethods="GET" doc:name="HTTP"/>
        <ws:consumer config-ref="Delta_SOAP_Connector" operation="listAllFlights" doc:name="Web Service Consumer: Invoke Delta SOAP Service"/>
        <dw:transform-message doc:name="XML Repeating Structure to Java ArrayList" metadata:id="82027050-6a34-49f3-82ef-2f8300ed0724">
            <dw:input-payload doc:sample="sample_data\listAllFlightsResponse.xml"/>
            <dw:set-payload><![CDATA[%dw 1.0
%output application/java
%namespace ns0 http://soap.training.mulesoft.com/
---
payload.ns0#listAllFlightsResponse.*return map ((return , indexOfReturn) -> {
	airline: return.airlineName,
	flightCode: return.code,
	fromAirportCode: return.origin,
	toAirportCode: return.destination,
	departureDate: return.departureDate as :date {format: 'yyyy/MM/dd'} as :string {format: 'MMM dd, yyyy'},
	emptySeats: return.emptySeats as :number,
	totalSeats: 120,
	price: return.price as :number,
	planeType: return.planeType replace "Boing" with "Boeing"
})]]></dw:set-payload>
        </dw:transform-message>
        <logger message="#[payload]" level="INFO" doc:name="Logger"/>
    </flow>

    <flow name="getAmericanFlightByIdFlow">
        <http:listener config-ref="HTTP_Listener_Configuration" path="/american/{ID}" allowedMethods="GET" doc:name="HTTP"/>
        <db:select config-ref="American_MySQL_Connector" doc:name="Database: Invoke American DB Service">
            <db:parameterized-query><![CDATA[SELECT * FROM american WHERE ID = #[message.inboundProperties.'http.uri.params'.ID]]]></db:parameterized-query>
        </db:select>
        <json:object-to-json-transformer doc:name="Object to JSON"/>
        <logger message="#[payload]" level="INFO" doc:name="Logger"/>
    </flow>
    <sub-flow name="setCityCodeSubflow">
        <set-variable variableName="cityCode" value="#[(message.inboundProperties.'http.query.params'.code == empty ? '' :  message.inboundProperties.'http.query.params'.code)]" doc:name="Variable: cityCode"/>
    </sub-flow>

</mule>
