<?xml version="1.0" encoding="UTF-8"?>

<mule xmlns:dw="http://www.mulesoft.org/schema/mule/ee/dw" xmlns:metadata="http://www.mulesoft.org/schema/mule/metadata" xmlns:http="http://www.mulesoft.org/schema/mule/http" xmlns:tracking="http://www.mulesoft.org/schema/mule/ee/tracking" xmlns="http://www.mulesoft.org/schema/mule/core" xmlns:doc="http://www.mulesoft.org/schema/mule/documentation"
	xmlns:spring="http://www.springframework.org/schema/beans" 
	xmlns:xsi="http://www.w3.org/2001/XMLSchema-instance"
	xsi:schemaLocation="http://www.springframework.org/schema/beans http://www.springframework.org/schema/beans/spring-beans-current.xsd
http://www.mulesoft.org/schema/mule/core http://www.mulesoft.org/schema/mule/core/current/mule.xsd
http://www.mulesoft.org/schema/mule/http http://www.mulesoft.org/schema/mule/http/current/mule-http.xsd
http://www.mulesoft.org/schema/mule/ee/tracking http://www.mulesoft.org/schema/mule/ee/tracking/current/mule-tracking-ee.xsd
http://www.mulesoft.org/schema/mule/ee/dw http://www.mulesoft.org/schema/mule/ee/dw/current/dw.xsd">
    <flow name="processSingleFlightFlow">
        <http:listener config-ref="HTTP_Listener_Configuration" path="/single" allowedMethods="POST" doc:name="HTTP"/>
        <dw:transform-message doc:name="Transform Message" metadata:id="2ed96578-d634-41a7-81c2-8cdbfb419c67">
            <dw:input-payload doc:sample="flight-example.json" mimeType="application/json"/>
            <dw:set-payload resource="classpath:singleFlight_xml.dwl"/>

        </dw:transform-message>
        <logger message="#[payload]" level="INFO" doc:name="Logger"/>
    </flow>
    <flow name="processMultiFlightsFlow">
        <http:listener config-ref="HTTP_Listener_Configuration" path="/multi" allowedMethods="POST" doc:name="HTTP"/>
        <dw:transform-message doc:name="Transform Message" metadata:id="c89ad4e2-ad58-491d-ad7c-237a40170a5b">
            <dw:input-payload doc:sample="flights-example.json" mimeType="application/json"/>
            <dw:set-payload><![CDATA[%dw 1.0
%output application/java
%type flight = :object {class: 'com.mulesoft.training.Flight'}
---
payload map {
	flightCode: $.flightCode,
	availableSeats: $.emptySeats,
	origination: $.fromAirportCode,
	price: $.price,
	destination: $.toAirportCode,
	departureDate: $.departureDate,
	airlineName: $.airline,
	planeType: $.planeType
} as :flight]]></dw:set-payload>
        </dw:transform-message>
        <logger message="#[payload]" level="INFO" doc:name="Logger"/>
    </flow>
</mule>
