<?xml version="1.0" encoding="UTF-8"?>

<mule xmlns:cluster="http://www.mulesoft.org/schema/mule/ee/cluster" xmlns:ws="http://www.mulesoft.org/schema/mule/ws" xmlns:db="http://www.mulesoft.org/schema/mule/db" xmlns:http="http://www.mulesoft.org/schema/mule/http" xmlns:context="http://www.springframework.org/schema/context" xmlns="http://www.mulesoft.org/schema/mule/core" xmlns:doc="http://www.mulesoft.org/schema/mule/documentation"
	xmlns:spring="http://www.springframework.org/schema/beans" 
	xmlns:xsi="http://www.w3.org/2001/XMLSchema-instance"
	xsi:schemaLocation="http://www.springframework.org/schema/beans http://www.springframework.org/schema/beans/spring-beans-current.xsd
http://www.mulesoft.org/schema/mule/core http://www.mulesoft.org/schema/mule/core/current/mule.xsd
http://www.mulesoft.org/schema/mule/http http://www.mulesoft.org/schema/mule/http/current/mule-http.xsd
http://www.springframework.org/schema/context http://www.springframework.org/schema/context/spring-context-current.xsd
http://www.mulesoft.org/schema/mule/db http://www.mulesoft.org/schema/mule/db/current/mule-db.xsd
http://www.mulesoft.org/schema/mule/ws http://www.mulesoft.org/schema/mule/ws/current/mule-ws.xsd">
    <http:listener-config name="HTTP_Listener_Configuration" host="0.0.0.0" port="${http.port}" doc:name="HTTP Listener Configuration"/>
    <context:property-placeholder location="flights-${env}.properties"/>
    <db:mysql-config name="American_MySQL_Connector" host="${american.db.host}" port="${american.db.port}" user="${american.db.user}" password="${american.db.password}" database="${american.db.database}" doc:name="MySQL Configuration"/>
    <http:request-config name="United_REST_Connector" host="${united.rest.host}" port="${united.rest.port}" basePath="${united.rest.basepath}" doc:name="HTTP Request Configuration"/>
    <ws:consumer-config name="Delta_SOAP_Connector" wsdlLocation="http://ilt.mulesoft-training.com/essentials/delta?wsdl" service="TicketServiceService" port="TicketServicePort" serviceAddress="http://${delta.soap.host}:${delta.soap.port}${delta.soap.basepath}" doc:name="Web Service Consumer"/>
    <configuration defaultExceptionStrategy-ref="apdev-flights-implChoice_Exception_Strategy" doc:name="Configuration">
        <http:config useTransportForUris="false"/>
    </configuration>


    <choice-exception-strategy name="apdev-flights-implChoice_Exception_Strategy">
        <catch-exception-strategy when="#[exception.causeMatches('com.mulesoft.weave.*')]" doc:name="BAD DESTINATION - DataWeaveException">
            <set-payload value="#['No flights to destination: ' + flowVars.cityCode + '; Error is: \n' + exception]" doc:name="Set Payload"/>
            <set-property propertyName="http.status" value="404" doc:name="Property: http.status = 404"/>
            <logger message="#[payload]" level="INFO" doc:name="Logger"/>
        </catch-exception-strategy>
        <catch-exception-strategy doc:name="SERVICE DOWN - CatchAllOtherExceptions">
            <set-payload value="#['Service is temporarily down...Try later; Error is: \n' + exception]" doc:name="Set Payload"/>
            <set-property propertyName="http.status" value="500" doc:name="Property: http.status = 500"/>
            <logger message="#[payload]" level="INFO" doc:name="Logger"/>
        </catch-exception-strategy>
    </choice-exception-strategy>


</mule>
