<?xml version="1.0" encoding="UTF-8"?>

<mule xmlns:file="http://www.mulesoft.org/schema/mule/file" xmlns:dw="http://www.mulesoft.org/schema/mule/ee/dw" xmlns:db="http://www.mulesoft.org/schema/mule/db" xmlns:metadata="http://www.mulesoft.org/schema/mule/metadata" xmlns:http="http://www.mulesoft.org/schema/mule/http" xmlns:jms="http://www.mulesoft.org/schema/mule/jms" xmlns:batch="http://www.mulesoft.org/schema/mule/batch" xmlns:sfdc="http://www.mulesoft.org/schema/mule/sfdc" xmlns:tracking="http://www.mulesoft.org/schema/mule/ee/tracking" xmlns="http://www.mulesoft.org/schema/mule/core" xmlns:doc="http://www.mulesoft.org/schema/mule/documentation"
	xmlns:spring="http://www.springframework.org/schema/beans" 
	xmlns:xsi="http://www.w3.org/2001/XMLSchema-instance"
	xsi:schemaLocation="http://www.springframework.org/schema/beans http://www.springframework.org/schema/beans/spring-beans-current.xsd
http://www.mulesoft.org/schema/mule/core http://www.mulesoft.org/schema/mule/core/current/mule.xsd
http://www.mulesoft.org/schema/mule/file http://www.mulesoft.org/schema/mule/file/current/mule-file.xsd
http://www.mulesoft.org/schema/mule/ee/tracking http://www.mulesoft.org/schema/mule/ee/tracking/current/mule-tracking-ee.xsd
http://www.mulesoft.org/schema/mule/ee/dw http://www.mulesoft.org/schema/mule/ee/dw/current/dw.xsd
http://www.mulesoft.org/schema/mule/http http://www.mulesoft.org/schema/mule/http/current/mule-http.xsd
http://www.mulesoft.org/schema/mule/jms http://www.mulesoft.org/schema/mule/jms/current/mule-jms.xsd
http://www.mulesoft.org/schema/mule/batch http://www.mulesoft.org/schema/mule/batch/current/mule-batch.xsd
http://www.mulesoft.org/schema/mule/db http://www.mulesoft.org/schema/mule/db/current/mule-db.xsd
http://www.mulesoft.org/schema/mule/sfdc http://www.mulesoft.org/schema/mule/sfdc/current/mule-sfdc.xsd">
    <flow name="getCsvAccountsFlow" initialState="stopped">
        <file:inbound-endpoint path="src\main\resources\source" moveToDirectory="src\main\resources\target" responseTimeout="10000" doc:name="File: Read" metadata:id="c732a225-08bd-4c47-888f-b6339f063fe8">
            <file:filename-regex-filter pattern=".*csv" caseSensitive="false"/>
        </file:inbound-endpoint>
        <dw:transform-message doc:name="CSV List to Java ArrayList">
            <dw:set-payload><![CDATA[%dw 1.0
%output application/java
---
payload]]></dw:set-payload>
        </dw:transform-message>
        <foreach collection="#[payload]" doc:name="For Each">
            <logger message="#['\nRecord #' + flowVars.counter + ': ' + payload]" level="INFO" doc:name="Logger"/>
        </foreach>
    </flow>
    <batch:job name="getCsvAccountsBatch">
        <batch:input>
            <file:inbound-endpoint path="src\main\resources\source" moveToDirectory="src\main\resources\target" responseTimeout="10000" doc:name="File: Read" metadata:id="c732a225-08bd-4c47-888f-b6339f063fe8">
                <file:filename-regex-filter pattern=".*csv" caseSensitive="false"/>
            </file:inbound-endpoint>
            <dw:transform-message doc:name="CSV List to Java ArrayList" metadata:id="800450c0-2c4b-4e76-9b46-2278b600245e">
                <dw:set-payload><![CDATA[%dw 1.0
%output application/java
---
payload]]></dw:set-payload>
            </dw:transform-message>
            <logger message="#['# of records read: ' + payload.size()]" level="INFO" doc:name="Logger"/>
        </batch:input>
        <batch:process-records>
            <batch:step name="Batch_Step-1">
                <set-variable variableName="f_name" value="#[payload.Name]" doc:name="Variable"/>
                <set-session-variable variableName="s_name" value="#[payload.Name]" doc:name="Session Variable"/>
                <batch:set-record-variable variableName="r_name" value="#[payload.Name]" doc:name="Record Variable"/>
                <logger message="#['\n\nIn Batch Step-1\nf_name = ' + flowVars.f_name + '\ns_name = ' + sessionVars.s_name + '\nr_name = ' + recordVars.r_name + '\n\n']" level="INFO" doc:name="Logger"/>
            </batch:step>
            <batch:step name="Batch_Step-2">
                <logger message="#['\n\nIn Batch Step-2\nf_name = ' + flowVars.f_name + '\ns_name = ' + sessionVars.s_name + '\nr_name = ' + recordVars.r_name + '\n\n']" level="INFO" doc:name="Logger"/>
            </batch:step>
        </batch:process-records>
    </batch:job>
    <batch:job name="getDB-AccountsBatch">
        <batch:input>
            <poll doc:name="Poll: Every 30 sec">
                <fixed-frequency-scheduler frequency="30" timeUnit="DAYS"/>
                <db:select config-ref="American_MySQL_Connector" doc:name="Database: Query Accounts">
                    <db:parameterized-query><![CDATA[SELECT * FROM accounts]]></db:parameterized-query>
                </db:select>
            </poll>
            <logger message="#['# of records read: ' + payload.size()]" level="INFO" doc:name="Logger"/>
        </batch:input>
        <batch:process-records>
            <batch:step name="Batch_Step">
                <logger message="#['Record ---------&gt; ' + payload]" level="INFO" doc:name="Logger"/>
            </batch:step>
        </batch:process-records>
        <batch:on-complete>
            <logger message="#['\n\nIn Complete Phase:\n# of records processed successfully: ' + payload.successfulRecords + '\n# of records failed to process: ' + payload.failedRecords + '\n\n']" level="INFO" doc:name="Logger"/>
        </batch:on-complete>
    </batch:job>
    <flow name="publishTopicMsgFlow">
        <http:listener config-ref="HTTP_Listener_Configuration" path="/jms" allowedMethods="GET" doc:name="HTTP"/>
        <set-payload value="#[message.inboundProperties.'http.query.params'.msg]" doc:name="Set Payload"/>
        <set-property propertyName="name" value="Gopal" doc:name="Property"/>
        <jms:outbound-endpoint topic="apessentials" connector-ref="Active_MQ" doc:name="JMS - Publisher"/>
    </flow>
    <flow name="subscribeToTopicMsgFlow">
        <jms:inbound-endpoint topic="apessentials" connector-ref="Active_MQ" doc:name="JMS - Subscriber"/>
        <logger message="#[message.inboundProperties.name + ' -------------&gt; ' + payload]" level="INFO" doc:name="Logger"/>
    </flow>
    <flow name="getSfdcAccountsFlow">
        <http:listener config-ref="HTTP_Listener_Configuration" path="/sfdc" allowedMethods="GET" doc:name="HTTP"/>
        <sfdc:query config-ref="Salesforce__Basic_Authentication" query="dsql:SELECT AccountNumber,AnnualRevenue,BillingCity,BillingCountry,BillingPostalCode,BillingState FROM Account WHERE BillingPostalCode = '27215'" doc:name="Salesforce: Query Accounts"/>
        <dw:transform-message doc:name="Salesforce List to JSON Array">
            <dw:set-payload><![CDATA[%dw 1.0
%output application/json
---
payload]]></dw:set-payload>
        </dw:transform-message>
        <logger message="#[payload]" level="INFO" doc:name="Logger"/>
    </flow>
</mule>
